{
  "qtable": {
    "1|10,10,10|10,10,10": [
      -1.0901729553289632,
      -0.9912826899196093,
      -0.7342814183497115
    ],
    "0|10,10,10|10,10,10": [
      -0.15098034881112118,
      0.02467937208626784,
      -1.257448668811747
    ],
    "2|10,10,10|10,10,10": [
      -0.2899729974977008,
      -2.0478644085572872,
      -1.1785926813173992
    ],
    "1|0.2,10,10|10,10,10": [
      -10.81075736163209,
      -0.007565231951567274,
      -0.007568465705454656
    ],
    "0|0.4,10,10|10,10,10": [
      -11.361512828387072,
      -11.361512828387072,
      -12.247897700103202
    ],
    "1|10,10,0.2|10,10,10": [
      -0.004388411659543358,
      -0.006840144781143179,
      -7.549576985915316
    ],
    "2|10,10,0.4|10,10,10": [
      -12.247897700103202,
      -11.361512828387072,
      -12.167317257219919
    ],
    "1|10,10,10|0.2,10,10": [
      0.6910385806551054,
      0.6009339845038852,
      0.5685357972118285
    ],
    "1|10,10,10|0.4,10,10": [
      0.4835511580194948,
      0.48650539882842503,
      0.4831450080046428
    ],
    "2|10,10,10|0.6,10,10": [
      0.47842304948626313,
      0.00001313958868617898,
      0.04244670244792739
    ],
    "2|10,10,10|0.8,10,10": [
      0.0000037820535070195654,
      0.000867459617988699,
      0.000009338593825240988
    ],
    "2|10,10,10|1,10,10": [
      0.0003046926557025865,
      0.0018668449174872182,
      0.00013822445804517755
    ],
    "2|10,10,10|1.2,10,10": [
      0.002815196542176577,
      0.0004717111548362223,
      0.0002518539416927582
    ],
    "1|10,10,10|1.4,10,10": [
      0.0035905932888365137,
      0.00019385337515106965,
      0
    ],
    "0|10,10,10|1.6,10,10": [
      0.004933967613902402,
      0,
      0.000537915640582392
    ],
    "0|10,10,10|1.8,10,10": [
      -0.010466743221712264,
      -0.04575548477273639,
      0.0034427694969485284
    ],
    "0|10,10,10|2,10,10": [
      -0.10125570976058633,
      -0.08280398132518921,
      -0.09296550343289582
    ],
    "0|10,0.2,10|10,10,10": [
      -0.014510016527461035,
      -0.014486986556560734,
      -17.11607243144734
    ],
    "0|10,0.4,10|10,10,10": [
      -0.017925764697587887,
      -0.018230921130071378,
      -18.947733047726082
    ],
    "0|10,0.6,10|10,10,10": [
      -0.02248066237341307,
      -0.022542155033950753,
      -15.133048271497081
    ],
    "0|10,0.8,10|10,10,10": [
      -0.028529010739369146,
      -0.028851395101055305,
      -14.732619425019863
    ],
    "0|10,1,10|10,10,10": [
      -0.03759466516749136,
      -0.03691288885082186,
      -5.347604908639022
    ],
    "1|10,1.2,10|10,10,10": [
      -7.397953932102843,
      -11.012975591345425,
      -8.248439325089231
    ],
    "0|10,10,10|10,10,0.2": [
      0.3990849523839167,
      0.395813526984017,
      0.48324354338263564
    ],
    "1|10,10,10|10,10,0.4": [
      0.4539661010993847,
      0.47652671724002243,
      0.5886720278823209
    ],
    "0|10,10,0.2|10,10,10": [
      -0.0038477432830621213,
      -0.0052082857437772394,
      -0.0053954394256807685
    ],
    "0|10,10,0.4|10,10,10": [
      -0.0043443508535882976,
      -0.00581039614653765,
      -0.006595468377757396
    ],
    "0|10,10,0.6|10,10,10": [
      -0.005085997553192646,
      -0.007084114213929117,
      -0.008580024014550143
    ],
    "0|10,10,0.8|10,10,10": [
      -0.006420562279243576,
      -0.008829187546192956,
      -0.009045023471014166
    ],
    "1|10,10,1|10,10,10": [
      -0.01976545500224211,
      -0.011598324577564312,
      -4.471992586347102
    ],
    "2|10,10,1.2|10,10,10": [
      -4.650484951661224,
      -6.182609002873907,
      -5.43309069436139
    ],
    "1|10,10,0.8|10,10,10": [
      -0.017243549044955123,
      -0.01012765866265773,
      -5.326219306214897
    ],
    "0|10,10,1|10,10,10": [
      -0.00864995277930013,
      -0.01118446058067782,
      -0.010390492199100355
    ],
    "0|10,10,1.2|10,10,10": [
      -0.0119774590604461,
      -0.014700959372747653,
      -0.016219680625785604
    ],
    "1|10,10,1.4|10,10,10": [
      -0.01653138028019023,
      -0.027729370911606904,
      -0.03167998481971082
    ],
    "2|10,10,1.6|10,10,10": [
      -0.039508064659414074,
      -0.05418793926208567,
      -0.053052357678652115
    ],
    "2|10,10,1.8|10,10,10": [
      -0.06977363244688115,
      -0.13076269162677517,
      -0.12581654346450782
    ],
    "2|10,10,2|10,10,10": [
      -0.05019450556329935,
      -0.14482365124375465,
      -0.21516465306581029
    ],
    "2|10,0.2,10|10,10,10": [
      -14.25322941020454,
      -0.015438592061991692,
      -0.015114979783879568
    ],
    "2|10,0.4,10|10,10,10": [
      -17.701185605143205,
      -0.019108209232755653,
      -0.018385518007205094
    ],
    "2|10,0.6,10|10,10,10": [
      -19.7009564346058,
      -0.022645050054077662,
      -0.022905133338234896
    ],
    "1|10,0.8,10|10,10,10": [
      -31.723337327665966,
      -31.73884257263178,
      -31.62483648008201
    ],
    "2|0.2,10,10|10,10,10": [
      -0.007728892805852621,
      -0.007695711677066945,
      -0.007763372420595298
    ],
    "2|0.4,10,10|10,10,10": [
      -0.009709767938978306,
      -0.009673612342456154,
      -0.009762365994592626
    ],
    "2|0.6,10,10|10,10,10": [
      -0.012115656626034244,
      -0.012105785760635972,
      -0.012119669460090996
    ],
    "2|0.8,10,10|10,10,10": [
      -0.015135360401582998,
      -0.015137211210498935,
      -0.01474096092236788
    ],
    "2|1,10,10|10,10,10": [
      -0.01886796864298674,
      -0.018505775348925287,
      -0.017839002496462635
    ],
    "2|1.2,10,10|10,10,10": [
      -0.023095165176894257,
      -0.022905384488773113,
      -0.022058489624821806
    ],
    "2|1.4,10,10|10,10,10": [
      -0.030322084584106228,
      -0.031493666439364715,
      -0.030499581784352116
    ],
    "2|1.6,10,10|10,10,10": [
      -0.04346015177031413,
      -0.04238425796236693,
      -0.0390747343779055
    ],
    "2|1.8,10,10|10,10,10": [
      -0.08516401592519335,
      -0.07018251171282386,
      -0.06665219076220812
    ],
    "2|2,10,10|10,10,10": [
      -0.16199229643261526,
      -0.151403648411838,
      -0.13542804578237422
    ],
    "1|0.8,10,10|10,10,10": [
      -4.573073735580017,
      -0.014901870461978857,
      -0.015134928210824034
    ],
    "1|2,10,10|10,10,10": [
      -0.1458116301849531,
      -0.11560034588657625,
      -0.0807494774584706
    ],
    "1|10,10,10|10,10,0.2": [
      0.5229992238291699,
      0.5018267896148659,
      0.675783887791524
    ],
    "0|10,10,10|10,10,0.4": [
      0.4499213251645434,
      0.4528911192448148,
      0.47972854160561995
    ],
    "1|10,10,10|10,10,0.6": [
      0.45938850851879903,
      0.5030884057064692,
      0.6201416639703257
    ],
    "0|10,10,10|10,10,0.6": [
      0.3547790930682535,
      0.3161018892143122,
      0.4925232279900846
    ],
    "0|10,10,10|10,10,0.8": [
      0.035976112407513264,
      0.026876916077025692,
      0.4898860794633795
    ],
    "0|10,10,10|10,10,1": [
      0.0006149531462368321,
      0.00021195195554815004,
      0.0000018648773600877509
    ],
    "1|10,10,10|10,10,1.2": [
      0.0007343989789637933,
      0,
      0
    ],
    "0|10,10,10|10,10,1.4": [
      0.0002940592631284743,
      0,
      0.006328574541187732
    ],
    "1|10,10,10|10,10,1.6": [
      0,
      0.009191839503808027,
      0.0008818008706815407
    ],
    "2|10,10,10|10,10,1.8": [
      0,
      0.0003442459920697113,
      -0.027455877316772098
    ],
    "2|10,10,10|10,10,2": [
      -0.024227588791716173,
      -0.006175353986016905,
      -0.03254393985914859
    ],
    "0|10,10,10|10,0.2,10": [
      0.6295962162745679,
      0.618780051568098,
      0.690870979736161
    ],
    "0|10,10,10|10,0.4,10": [
      0.16796585819197607,
      0.2480414049708959,
      0.6842939169866807
    ],
    "2|10,10,10|10,0.2,10": [
      0.6284797141816117,
      0.6182389735812351,
      0.626491019991537
    ],