{
  "qtable": {
    "1|10,10,10|10,10,10": [
      0.031133168367020007,
      -0.8533018148972579,
      -1.2852811889174756
    ],
    "0|10,10,10|10,10,10": [
      -0.11575907265642252,
      -0.7336082055759381,
      0.030416611350258242
    ],
    "2|10,10,10|10,10,10": [
      -1.0475984431725358,
      -0.0763384068582883,
      -1.8740216509080077
    ],
    "0|10,10,10|10,10,0.2": [
      0.4620697249664063,
      0.46864029000970436,
      0.5215192073610936
    ],
    "0|10,10,10|10,10,0.4": [
      0.38670688828991107,
      0.37410999637579906,
      0.5515860295204407
    ],
    "0|10,10,10|10,10,0.6": [
      0,
      0.07283268909590239,
      0.5230164427458472
    ],
    "0|10,10,10|10,10,0.8": [
      0,
      0,
      0.09631235944217353
    ],
    "0|10,10,10|10,10,1": [
      2.2213516447977835e-9,
      0,
      0
    ],
    "0|10,10,10|10,10,1.2": [
      0,
      9.040901194326979e-8,
      0
    ],
    "1|10,10,10|10,10,1.4": [
      0,
      0,
      0
    ],
    "1|10,10,10|10,10,1.6": [
      0,
      0.00003142570405835425,
      0
    ],
    "0|10,10,10|10,10,1.8": [
      0.000042609171647493,
      -0.00008207883271594554,
      0
    ],
    "0|10,10,10|10,10,2": [
      0.003373721690405101,
      -0.029135130645365787,
      -0.01700635964353304
    ],
    "1|10,10,0.2|10,10,10": [
      -0.00666219480673493,
      -0.006722547081587255,
      -7.832828072858192
    ],
    "0|10,10,0.4|10,10,10": [
      -0.008917436943421841,
      -0.008929667150178329,
      -0.008933523734650912
    ],
    "1|10,10,0.6|10,10,10": [
      -0.011156524516462218,
      -0.011278088471405857,
      -4.172070325928317
    ],
    "2|10,10,0.8|10,10,10": [
      -1.9900000000000002,
      -2.9701000000000004,
      -2.9701000000000004
    ],
    "2|10,0.2,10|10,10,10": [
      -8.370776582805583,
      -0.008080517954878793,
      -0.008104998514062897
    ],
    "2|10,0.4,10|10,10,10": [
      -9.925811841081927,
      -0.010119741890159344,
      -0.010097083266236444
    ],
    "2|10,0.6,10|10,10,10": [
      -6.0472110600086415,
      -0.012609052774207662,
      -0.012657748628658256
    ],
    "2|10,0.8,10|10,10,10": [
      -7.123153058207533,
      -0.01616462915353922,
      -0.01621874176434308
    ],
    "2|10,1,10|10,10,10": [
      -3.1302878399594682,
      -0.02073496742657235,
      -0.020668755769338135
    ],
    "2|10,1.2,10|10,10,10": [
      -0.026468870792040716,
      -0.026416023103318073,
      -0.026307289210370698
    ],
    "1|10,1.4,10|10,10,10": [
      -0.03561812297493936,
      -0.03544044388593413,
      -0.036113270917528376
    ],
    "0|10,1.6,10|10,10,10": [
      -0.049448952955152475,
      -0.04783837025546273,
      -0.05216871424525867
    ],
    "1|10,1.8,10|10,10,10": [
      -0.10844798720432004,
      -0.0985810302965849,
      -0.07025293511114963
    ],
    "1|10,2,10|10,10,10": [
      -0.21880233310919509,
      -0.1828954815262563,
      -0.13151280539938087
    ],
    "0|10,0,10|10,10,10": [
      -0.0073279464454647746,
      -0.01855227216126351,
      -6.10089201897799
    ],
    "0|10,0.2,10|10,10,10": [
      -0.007973606313803798,
      -0.007851403630434984,
      -5.609935439937763
    ],
    "0|10,0.4,10|10,10,10": [
      -0.009789480634544033,
      -0.0097395687173015,
      -9.027204920507149
    ],
    "0|10,0.6,10|10,10,10": [
      -0.012197142063227912,
      -0.012158073854511967,
      -6.5645770305014635
    ],
    "0|10,0.8,10|10,10,10": [
      -0.015619881598647974,
      -0.015542577561631406,
      -9.029449246005187
    ],
    "0|10,1,10|10,10,10": [
      -0.020511468681255942,
      -0.020424277376393293,
      -3.258140251553074
    ],
    "1|10,1.2,10|10,10,10": [
      -5.435360153925208,
      -3.203518136777972,
      -5.820139969254751
    ],
    "2|10,1.4,10|10,10,10": [
      -0.034980354936127285,
      -0.036255050813782816,
      -0.03536583815079237
    ],
    "1|10,1.6,10|10,10,10": [
      -0.05232162533322235,
      -0.05327139270408806,
      -0.05753202586089809
    ],
    "2|10,10,10|0,10,10": [
      0.6315592235456874,
      0.3193623271226516,
      0.30962604348399886
    ],
    "2|10,10,10|0.2,10,10": [
      0.5235373224286413,
      0.356518106212422,
      0.2703726745906671
    ],
    "2|10,10,10|0.4,10,10": [
      0.022884409554497748,
      0.09103568434437417,
      0.2923147883711415
    ],
    "2|10,10,10|0.6,10,10": [
      0.09039537754445008,
      0.398915451990405,
      0.1139572426259208
    ],
    "1|10,10,10|0.8,10,10": [
      0,
      0.10803623898026884,
      0
    ],
    "1|10,10,10|1,10,10": [
      0.614828270139245,
      0.1187320323752862,
      0.03874312566598991
    ],
    "2|10,10,10|1.2,10,10": [
      0.00002461514044441025,
      0,
      0
    ],
    "2|10,10,10|1.4,10,10": [
      0.00012544086988240484,
      0,
      0
    ],
    "2|10,10,10|1.6,10,10": [
      0,
      0,
      0
    ],
    "1|10,10,10|1.8,10,10": [
      -0.011388042657708954,
      -0.0025456414752685593,
      -0.02664264544669451
    ],
    "2|10,0,10|10,10,10": [
      -10.725834642731375,
      -0.006996234156928826,
      -0.01915520686099768
    ],
    "1|10,0.2,10|10,10,10": [
      -13.12541872310217,
      -13.12541872310217,
      -13.04564408464772
    ],
    "2|10,10,10|10,0.2,10": [
      0.7897966506475171,
      0.6528148130274437,
      0.6377817798486046
    ],
    "2|10,10,10|10,0.4,10": [
      0.8103366216051058,
      0.5068224658955157,
      0.5168478676738992
    ],
    "1|10,10,10|10,10,0.8": [
      0.22751712265011018,
      0.17764464790119636,
      0.6582898762696161
    ],
    "1|10,10,10|10,10,1": [
      0.011986506924422484,
      0,
      0.3830357019387012
    ],
    "1|10,10,10|2,10,10": [
      -0.036517944069139954,
      -0.034266523033926216,
      -0.059417353639851504
    ],
    "2|0.2,10,10|10,10,10": [
      -0.0043738695861213475,
      -0.004272573073581351,
      -0.0042501851992259925
    ],
    "1|0.4,10,10|10,10,10": [
      -3.870153013778968,
      -0.006159369456085973,
      -0.006092497453802082
    ],
    "0|0.6,10,10|10,10,10": [
      -1.9900000000000002,
      -1.9900000000000002,
      -1.9900000000000002
    ],
    "1|0.2,10,10|10,10,10": [
      -5.694705024687856,
      -0.004623682255812856,
      -0.004580770888153457
    ],
    "2|0.4,10,10|10,10,10": [
      -0.006029423669820585,
      -0.00603148219133937,
      -0.006007548669327286
    ],
    "2|0.6,10,10|10,10,10": [
      -0.008217854792927708,
      -0.008145564848509996,
      -0.008156335423335125
    ],
    "2|0.8,10,10|10,10,10": [
      -0.011147986129913598,
      -0.011023163612914815,
      -0.011131032743883036
    ],
    "1|1,10,10|10,10,10": [
      -4.63761477971685,
      -0.015108235795281158,
      -0.015054363272035517
    ],
    "1|1.2,10,10|10,10,10": [
      -0.019593442901167404,
      -0.019722399708087562,
      -0.01915376672845144
    ],
    "2|1.4,10,10|10,10,10": [
      -0.027118041662152485,
      -0.02107800768641905,
      -0.0270795997729314
    ],
    "2|1.6,10,10|10,10,10": [
      -0.04521418823816213,
      -0.037369093565980775,
      -0.02035284377956625
    ],
    "2|1.8,10,10|10,10,10": [
      -0.05661412070299305,
      -0.06229060584793421,
      -0.020333164836531272
    ],
    "2|2,10,10|10,10,10": [
      -0.14104529560668297,
      -0.1754931137577204,
      -0.04307255873755904
    ],
    "2|0,10,10|10,10,10": [
      -0.0017367484149630828,
      -0.007245410263110318,
      -0.004294866784781698
    ],
    "1|0.6,10,10|10,10,10": [
      -4.322019753557393,
      -0.00825955648442117,
      -0.008310697182734007
    ],
    "0|0.8,10,10|10,10,10": [
      -1.9900000000000002,
      -2.9701000000000004,
      -1.9900000000000002
    ],
    "2|10,10,10|0.8,10,10": [
      0.5207327327772849,
      0.05351290549239031,
      0.11053661311646062
    ],